{
    "class cross entropy loss": 0.42499345541000366,
    "training_accuracy": 0.9572,
    "eval_accuracy": 0.455875,
    "lr": 0.001
}