{
    "class cross entropy loss": 1.2847657203674316,
    "training_accuracy": 0.571,
    "eval_accuracy": 0.438375,
    "lr": 0.001
}