{
    "class cross entropy loss": 1.4241057634353638,
    "training_accuracy": 0.5056,
    "eval_accuracy": 0.422625,
    "lr": 0.001
}