{
    "class cross entropy loss": 0.02684798464179039,
    "training_accuracy": 0.9996,
    "eval_accuracy": 0.37925,
    "lr": 0.001
}