{
    "class cross entropy loss": 0.9897010922431946,
    "training_accuracy": 0.8246,
    "eval_accuracy": 0.395125,
    "lr": 0.001
}