{
    "class cross entropy loss": 0.6057813763618469,
    "training_accuracy": 0.896,
    "eval_accuracy": 0.45475,
    "lr": 0.001
}