{
    "class cross entropy loss": 1.5575445890426636,
    "training_accuracy": 0.4596,
    "eval_accuracy": 0.409875,
    "lr": 0.001
}