{
    "class cross entropy loss": 1.5273925065994263,
    "training_accuracy": 0.5014,
    "eval_accuracy": 0.39875,
    "lr": 0.001
}