{
    "class cross entropy loss": 0.7989597916603088,
    "training_accuracy": 0.8264,
    "eval_accuracy": 0.453625,
    "lr": 0.001
}