{
    "class cross entropy loss": 0.005457679275423288,
    "training_accuracy": 1.0,
    "eval_accuracy": 0.385375,
    "lr": 0.001
}