{
    "class cross entropy loss": 0.9899279475212097,
    "training_accuracy": 0.7362,
    "eval_accuracy": 0.453125,
    "lr": 0.001
}