{
    "class cross entropy loss": 0.25775519013404846,
    "training_accuracy": 0.9872,
    "eval_accuracy": 0.443875,
    "lr": 0.001
}