{
    "class cross entropy loss": 0.5984566807746887,
    "training_accuracy": 0.9344,
    "eval_accuracy": 0.39325,
    "lr": 0.001
}