{
    "class cross entropy loss": 1.3148701190948486,
    "training_accuracy": 0.6662,
    "eval_accuracy": 0.412625,
    "lr": 0.001
}