{
    "training_accuracy": 0.8150040064102564,
    "eval_accuracy": 0.373375,
    "lr": 0.07350918906249998
}