{
    "training_accuracy": 0.9681490384615384,
    "eval_accuracy": 0.364,
    "lr": 0.06634204312890622
}