{
    "training_accuracy": 0.9102564102564102,
    "eval_accuracy": 0.39075,
    "lr": 0.05987369392383786
}