{
    "training_accuracy": 0.83203125,
    "eval_accuracy": 0.387625,
    "lr": 0.06983372960937498
}