{
    "training_accuracy": 0.875801282051282,
    "eval_accuracy": 0.336125,
    "lr": 0.09025
}