{
    "training_accuracy": 0.7471955128205128,
    "eval_accuracy": 0.361,
    "lr": 0.0857375
}