{
    "training_accuracy": 0.8850160256410257,
    "eval_accuracy": 0.38925,
    "lr": 0.0630249409724609
}