{
    "training_accuracy": 0.9846754807692307,
    "eval_accuracy": 0.36275,
    "lr": 0.0630249409724609
}