{
    "training_accuracy": 0.7052283653846154,
    "eval_accuracy": 0.33725,
    "lr": 0.09025
}