{
    "training_accuracy": 0.9166666666666666,
    "eval_accuracy": 0.34725,
    "lr": 0.07350918906249998
}