{
    "training_accuracy": 0.5498798076923077,
    "eval_accuracy": 0.337375,
    "lr": 0.095
}