{
    "training_accuracy": 0.8942307692307693,
    "eval_accuracy": 0.346875,
    "lr": 0.08145062499999998
}