{
    "training_accuracy": 0.8909254807692307,
    "eval_accuracy": 0.34825,
    "lr": 0.07737809374999999
}