{
    "training_accuracy": 0.9419070512820513,
    "eval_accuracy": 0.35975,
    "lr": 0.06983372960937498
}