{
    "training_accuracy": 0.8886217948717948,
    "eval_accuracy": 0.338,
    "lr": 0.0857375
}