{
    "training_accuracy": 0.9886818910256411,
    "eval_accuracy": 0.362375,
    "lr": 0.05987369392383786
}