{
    "training_accuracy": 0.7577123397435898,
    "eval_accuracy": 0.352125,
    "lr": 0.08145062499999998
}