{
    "training_accuracy": 0.6028645833333334,
    "eval_accuracy": 0.329625,
    "lr": 0.095
}