{
    "training_accuracy": 0.866386217948718,
    "eval_accuracy": 0.386125,
    "lr": 0.06634204312890622
}