{
    "training_accuracy": 0.7709334935897436,
    "eval_accuracy": 0.359125,
    "lr": 0.07737809374999999
}