{
    "train": {
        "loss": 1.4236868298082035,
        "mse_loss": 0.05249436940007572,
        "perplexity_loss": 0.01978336578777319,
        "psnr": 0.6074181380151193,
        "ssim": 0.4310027617442457,
        "lpips": 0.31298819486098955
    },
    "eval": {
        "loss": 1.382641773506999,
        "mse_loss": 0.04907491725683212,
        "perplexity_loss": 0.019279171094298362,
        "psnr": 0.6017089791297913,
        "ssim": 0.41578748512268066,
        "lpips": 0.2967912209033966
    },
    "lr": 0.001
}