{
    "train": {
        "loss": 1.256592027229976,
        "mse_loss": 0.040641280574889124,
        "perplexity_loss": 0.05135140610457976,
        "psnr": 0.5845733941355838,
        "ssim": 0.3422771043415311,
        "lpips": 0.23774884207339225
    },
    "eval": {
        "loss": 1.2390158013999462,
        "mse_loss": 0.04037603750824928,
        "perplexity_loss": 0.04752163153886795,
        "psnr": 0.584062228679657,
        "ssim": 0.33371046209335326,
        "lpips": 0.23334544157981874
    },
    "lr": 0.001
}