{
    "train": {
        "loss": 1.1718511155841849,
        "mse_loss": 0.03591264654658263,
        "perplexity_loss": 0.007882507022800325,
        "psnr": 0.573417603969574,
        "ssim": 0.33805926162985306,
        "lpips": 0.21657909641537484
    },
    "eval": {
        "loss": 1.167618388965726,
        "mse_loss": 0.0349444387704134,
        "perplexity_loss": 0.007608724355697632,
        "psnr": 0.5709789237976074,
        "ssim": 0.3375358014106751,
        "lpips": 0.2165505006313324
    },
    "lr": 0.001
}