{
    "train": {
        "loss": 1.2781011339607118,
        "mse_loss": 0.041664507711612724,
        "perplexity_loss": 0.05536864721510984,
        "psnr": 0.5868129096453703,
        "ssim": 0.35183297833309896,
        "lpips": 0.24242209105551998
    },
    "eval": {
        "loss": 1.2883059621453286,
        "mse_loss": 0.04349293655157089,
        "perplexity_loss": 0.05242987322807312,
        "psnr": 0.59078378200531,
        "ssim": 0.3611984515190125,
        "lpips": 0.240400918841362
    },
    "lr": 0.001
}