{
    "train": {
        "loss": 1.32155114228401,
        "mse_loss": 0.043237880060944374,
        "perplexity_loss": 0.062128718565159204,
        "psnr": 0.5902067920829677,
        "ssim": 0.36874706307543986,
        "lpips": 0.257230688499499
    },
    "eval": {
        "loss": 1.3256686474382877,
        "mse_loss": 0.04381845209002495,
        "perplexity_loss": 0.06013273423910141,
        "psnr": 0.591448124408722,
        "ssim": 0.3718172392845154,
        "lpips": 0.25845209741592406
    },
    "lr": 0.001
}