{
    "train": {
        "loss": 1.2918669997325427,
        "mse_loss": 0.04173655614634104,
        "perplexity_loss": 0.05867308203743983,
        "psnr": 0.5868884921073914,
        "ssim": 0.35724704024157944,
        "lpips": 0.24732182919979095
    },
    "eval": {
        "loss": 1.2799232971668244,
        "mse_loss": 0.04041664019227028,
        "perplexity_loss": 0.054799008339643476,
        "psnr": 0.5841397609710693,
        "ssim": 0.35551215648651124,
        "lpips": 0.24505573117733
    },
    "lr": 0.001
}