{
    "train": {
        "loss": 1.426284234546408,
        "mse_loss": 0.04956121582396423,
        "perplexity_loss": 0.08315630926738811,
        "psnr": 0.6024863486048542,
        "ssim": 0.40617610306679447,
        "lpips": 0.2849042577834069
    },
    "eval": {
        "loss": 1.403397522419691,
        "mse_loss": 0.04818916234374046,
        "perplexity_loss": 0.07218994915485383,
        "psnr": 0.6000720663070679,
        "ssim": 0.4030303859710693,
        "lpips": 0.2799159586429596
    },
    "lr": 0.001
}