{
    "train": {
        "loss": 2.263392518498475,
        "mse_loss": 0.13767681450028962,
        "perplexity_loss": 0.23207237646926807,
        "psnr": 0.6920794852172272,
        "ssim": 0.6602765887598449,
        "lpips": 0.5412872535518453
    },
    "eval": {
        "loss": 2.2513135625720024,
        "mse_loss": 0.12363018673658371,
        "perplexity_loss": 0.32675473046302794,
        "psnr": 0.6853196330070496,
        "ssim": 0.6211622071266174,
        "lpips": 0.49444680523872375
    },
    "lr": 0.001
}