{
    "train": {
        "loss": 1.5221634336004528,
        "mse_loss": 0.05622121847317189,
        "perplexity_loss": 0.10926110759566102,
        "psnr": 0.6139185964306698,
        "ssim": 0.43473762801930876,
        "lpips": 0.3080248830816414
    },
    "eval": {
        "loss": 1.5123540224134921,
        "mse_loss": 0.061949411004781726,
        "perplexity_loss": 0.09002877289056778,
        "psnr": 0.6227896285057067,
        "ssim": 0.4334856052398682,
        "lpips": 0.30410060477256773
    },
    "lr": 0.001
}