{
    "train": {
        "loss": 1.6462589860481174,
        "mse_loss": 0.07063026782832568,
        "perplexity_loss": 0.04325153930937942,
        "psnr": 0.6335185547418232,
        "ssim": 0.511456103264531,
        "lpips": 0.38740252090405813
    },
    "eval": {
        "loss": 1.4863706269115209,
        "mse_loss": 0.0550981479883194,
        "perplexity_loss": 0.021814336404204368,
        "psnr": 0.612195858001709,
        "ssim": 0.45527181959152224,
        "lpips": 0.341990464925766
    },
    "lr": 0.001
}