{
    "train": {
        "loss": 1.6487374490574946,
        "mse_loss": 0.06630478167458426,
        "perplexity_loss": 0.1457869728343396,
        "psnr": 0.628801720806315,
        "ssim": 0.4617052561120142,
        "lpips": 0.3461387176302415
    },
    "eval": {
        "loss": 1.594578865468502,
        "mse_loss": 0.06277425575256347,
        "perplexity_loss": 0.12092013305425645,
        "psnr": 0.6240115566253662,
        "ssim": 0.4604134292602539,
        "lpips": 0.326459490776062
    },
    "lr": 0.001
}