{
    "train": {
        "loss": 2.134663874354166,
        "mse_loss": 0.14250408395936218,
        "perplexity_loss": 0.09144326040073286,
        "psnr": 0.694998328444324,
        "ssim": 0.6626369417468204,
        "lpips": 0.543081259802927
    },
    "eval": {
        "loss": 1.860617657184601,
        "mse_loss": 0.09181621253490448,
        "perplexity_loss": 0.09273249471187592,
        "psnr": 0.6584182024002075,
        "ssim": 0.5761815752983094,
        "lpips": 0.4414691722393036
    },
    "lr": 0.001
}