{
    "train": {
        "loss": 1.2525559484699293,
        "mse_loss": 0.04105881733607642,
        "perplexity_loss": 0.011231448560292963,
        "psnr": 0.5855501543117475,
        "ssim": 0.3649994730949402,
        "lpips": 0.24971605516687223
    },
    "eval": {
        "loss": 1.2444725445806981,
        "mse_loss": 0.040648015558719636,
        "perplexity_loss": 0.010674476712942124,
        "psnr": 0.584677915096283,
        "ssim": 0.3609460940361023,
        "lpips": 0.247526043176651
    },
    "lr": 0.001
}