{
    "train": {
        "loss": 1.1189262133763656,
        "mse_loss": 0.03376026908996739,
        "perplexity_loss": 0.00611682538579725,
        "psnr": 0.5677676397033885,
        "ssim": 0.31558960525295404,
        "lpips": 0.19569187394425838
    },
    "eval": {
        "loss": 1.1268517901822925,
        "mse_loss": 0.03541995057463646,
        "perplexity_loss": 0.005568958185613156,
        "psnr": 0.5721964082717895,
        "ssim": 0.3175938572883606,
        "lpips": 0.1960726158618927
    },
    "lr": 0.001
}