{
    "train": {
        "loss": 1.1258264066344952,
        "mse_loss": 0.03357723058213161,
        "perplexity_loss": 0.006333553974952878,
        "psnr": 0.5673851084105576,
        "ssim": 0.31888346506070486,
        "lpips": 0.19964704860614824
    },
    "eval": {
        "loss": 1.1490150421261787,
        "mse_loss": 0.03608345541357994,
        "perplexity_loss": 0.007068856686353683,
        "psnr": 0.5738897538185119,
        "ssim": 0.32828095865249635,
        "lpips": 0.2036920175552368
    },
    "lr": 0.001
}