{
    "train": {
        "loss": 1.9276031376440315,
        "mse_loss": 0.08897894828379908,
        "perplexity_loss": 0.21490417194517353,
        "psnr": 0.6536898016929626,
        "ssim": 0.5468174075778527,
        "lpips": 0.42321280814424345
    },
    "eval": {
        "loss": 1.7136221239864826,
        "mse_loss": 0.0716198059618473,
        "perplexity_loss": 0.1484943641424179,
        "psnr": 0.6358980345726013,
        "ssim": 0.4840200366973877,
        "lpips": 0.3735898826122284
    },
    "lr": 0.001
}