{
    "train": {
        "loss": 1.3669105294290222,
        "mse_loss": 0.045772165861688086,
        "perplexity_loss": 0.0683646906591669,
        "psnr": 0.5953224248523954,
        "ssim": 0.3871546817731254,
        "lpips": 0.2702965662826466
    },
    "eval": {
        "loss": 1.3457180541455747,
        "mse_loss": 0.04518261209130287,
        "perplexity_loss": 0.06257003623247147,
        "psnr": 0.594250578403473,
        "ssim": 0.3791546745300293,
        "lpips": 0.26456015288829804
    },
    "lr": 0.001
}