{
    "train": {
        "loss": 1.2095080143359453,
        "mse_loss": 0.03851569679718983,
        "perplexity_loss": 0.009316982241653943,
        "psnr": 0.5796486984325361,
        "ssim": 0.3518766783460786,
        "lpips": 0.230149958518487
    },
    "eval": {
        "loss": 1.2015133437588812,
        "mse_loss": 0.036876994967460636,
        "perplexity_loss": 0.009143825717270375,
        "psnr": 0.575860327243805,
        "ssim": 0.35011265134811403,
        "lpips": 0.22951954448223114
    },
    "lr": 0.001
}