{
    "train": {
        "loss": 1.338538453937803,
        "mse_loss": 0.04725773038366173,
        "perplexity_loss": 0.015422132491028006,
        "psnr": 0.5980720203134078,
        "ssim": 0.3941130562673641,
        "lpips": 0.28367351448234124
    },
    "eval": {
        "loss": 1.3034364154860378,
        "mse_loss": 0.0447807414829731,
        "perplexity_loss": 0.012826007388532162,
        "psnr": 0.593413957118988,
        "ssim": 0.37561932325363157,
        "lpips": 0.27679638624191283
    },
    "lr": 0.001
}