{
    "train": {
        "loss": 1.144760209701578,
        "mse_loss": 0.034312147387786755,
        "perplexity_loss": 0.007176289723926707,
        "psnr": 0.5691993176182614,
        "ssim": 0.327944278717041,
        "lpips": 0.20612817625456217
    },
    "eval": {
        "loss": 1.1495307389684022,
        "mse_loss": 0.03422937701642513,
        "perplexity_loss": 0.006519208703190088,
        "psnr": 0.5691071271896362,
        "ssim": 0.328047749042511,
        "lpips": 0.21162727701663972
    },
    "lr": 0.001
}