{
    "train": {
        "loss": 1.166054929429783,
        "mse_loss": 0.03379987441946434,
        "codebook_loss": 0.02369324096678933,
        "commitment_loss": 0.02369324096678933,
        "perplexity_loss": 0.027862842607347272,
        "psnr": 0.567862007436873,
        "ssim": 0.3215583283689958,
        "lpips": 0.2062524574089654
    },
    "eval": {
        "loss": 1.1693629130423069,
        "mse_loss": 0.0366137221455574,
        "codebook_loss": 0.02264511811733246,
        "commitment_loss": 0.02264511811733246,
        "perplexity_loss": 0.02493216410279274,
        "psnr": 0.5751739201545716,
        "ssim": 0.32220761919021607,
        "lpips": 0.20082821321487426
    },
    "lr": 0.001
}