{
    "train": {
        "loss": 3.0634269215331615,
        "mse_loss": 0.15485613944032525,
        "codebook_loss": 0.7484145795225012,
        "commitment_loss": 0.7484145795225012,
        "perplexity_loss": 0.2758744928655745,
        "psnr": 0.6965848192383971,
        "ssim": 0.5996350842186168,
        "lpips": 0.6078640252729005
    },
    "eval": {
        "loss": 2.5962649950385095,
        "mse_loss": 0.08572636502981186,
        "codebook_loss": 0.7304492592811584,
        "commitment_loss": 0.7304492592811584,
        "perplexity_loss": 0.1780912002325058,
        "psnr": 0.6521886229515076,
        "ssim": 0.4915347151756287,
        "lpips": 0.409230917930603
    },
    "lr": 0.001
}