{
    "train": {
        "loss": 1.25617592399822,
        "mse_loss": 0.03960309286094919,
        "codebook_loss": 0.03127485310918168,
        "commitment_loss": 0.03127485310918168,
        "perplexity_loss": 0.03830433370474773,
        "psnr": 0.5820211971862407,
        "ssim": 0.34851894650278215,
        "lpips": 0.237363037806523
    },
    "eval": {
        "loss": 1.2132034001350402,
        "mse_loss": 0.03748958057165146,
        "codebook_loss": 0.025769335612654685,
        "commitment_loss": 0.025769335612654685,
        "perplexity_loss": 0.032147437915205954,
        "psnr": 0.5773363332748414,
        "ssim": 0.33435352611541747,
        "lpips": 0.22377543151378632
    },
    "lr": 0.001
}