{
    "train": {
        "loss": 1.6425704128002818,
        "mse_loss": 0.06693309809588179,
        "codebook_loss": 0.13227221440476708,
        "commitment_loss": 0.13227221440476708,
        "perplexity_loss": 0.09893775693600691,
        "psnr": 0.6291853181923492,
        "ssim": 0.4324256724949124,
        "lpips": 0.32395161744914475
    },
    "eval": {
        "loss": 1.5103280479609966,
        "mse_loss": 0.06056847801804543,
        "codebook_loss": 0.07585252857208252,
        "commitment_loss": 0.07585252857208252,
        "perplexity_loss": 0.07443532580137253,
        "psnr": 0.6207682809829712,
        "ssim": 0.4146401805877686,
        "lpips": 0.30092661643028257
    },
    "lr": 0.001
}