{
    "train": {
        "loss": 1.004438716258052,
        "mse_loss": 0.02401071888264976,
        "codebook_loss": 0.020285487033521073,
        "commitment_loss": 0.020285487033521073,
        "perplexity_loss": 0.013887361399357832,
        "psnr": 0.5369228864017921,
        "ssim": 0.26078639830215067,
        "lpips": 0.1538900135061409
    },
    "eval": {
        "loss": 1.0140355396270753,
        "mse_loss": 0.024673019111156463,
        "codebook_loss": 0.021193819373846054,
        "commitment_loss": 0.021193819373846054,
        "perplexity_loss": 0.013330566503107547,
        "psnr": 0.5394608435630799,
        "ssim": 0.257841769695282,
        "lpips": 0.16223499131202698
    },
    "lr": 0.001
}