{
    "train": {
        "loss": 1.064306797412566,
        "mse_loss": 0.027233091124062296,
        "codebook_loss": 0.021012724719092817,
        "commitment_loss": 0.021012724719092817,
        "perplexity_loss": 0.019045461794432207,
        "psnr": 0.5483941692340223,
        "ssim": 0.2856315578086467,
        "lpips": 0.1720207078924662
    },
    "eval": {
        "loss": 1.071266705736518,
        "mse_loss": 0.028247167721390725,
        "codebook_loss": 0.021372970670461653,
        "commitment_loss": 0.021372970670461653,
        "perplexity_loss": 0.01769007344543934,
        "psnr": 0.551709436416626,
        "ssim": 0.28748655939102175,
        "lpips": 0.17268481063842772
    },
    "lr": 0.001
}