{
    "train": {
        "loss": 1.0347112024179366,
        "mse_loss": 0.025706803449724293,
        "codebook_loss": 0.02042869230897366,
        "commitment_loss": 0.02042869230897366,
        "perplexity_loss": 0.01604463556144811,
        "psnr": 0.5430922923208792,
        "ssim": 0.27420976418483106,
        "lpips": 0.16215531810929504
    },
    "eval": {
        "loss": 1.0360222502350807,
        "mse_loss": 0.02736986704170704,
        "codebook_loss": 0.02009377147257328,
        "commitment_loss": 0.02009377147257328,
        "perplexity_loss": 0.014632333479821681,
        "psnr": 0.548838858127594,
        "ssim": 0.2707264051437378,
        "lpips": 0.1603118222951889
    },
    "lr": 0.001
}