{
    "train": {
        "loss": 1.4035861488384536,
        "mse_loss": 0.05017639776762528,
        "codebook_loss": 0.06270049201159537,
        "commitment_loss": 0.06270049201159537,
        "perplexity_loss": 0.056695825172753275,
        "psnr": 0.6034416284742234,
        "ssim": 0.38314912439901616,
        "lpips": 0.27426942730251747
    },
    "eval": {
        "loss": 1.3498518176078795,
        "mse_loss": 0.04725398668646812,
        "codebook_loss": 0.04135690122842789,
        "commitment_loss": 0.04135690122842789,
        "perplexity_loss": 0.046900393158197405,
        "psnr": 0.5982938685417175,
        "ssim": 0.38056138610839846,
        "lpips": 0.26032135176658633
    },
    "lr": 0.001
}