{
    "train": {
        "loss": 2.1065022498840773,
        "mse_loss": 0.075726926185285,
        "codebook_loss": 0.4229323782875568,
        "commitment_loss": 0.4229323782875568,
        "perplexity_loss": 0.1368530569008634,
        "psnr": 0.6407452203050444,
        "ssim": 0.4627828077424931,
        "lpips": 0.3643685571755035
    },
    "eval": {
        "loss": 1.7247057574987412,
        "mse_loss": 0.07030255556106567,
        "codebook_loss": 0.16133741915225983,
        "commitment_loss": 0.16133741915225983,
        "perplexity_loss": 0.11842394179105759,
        "psnr": 0.6342659783363342,
        "ssim": 0.44034604740142824,
        "lpips": 0.3485134174823761
    },
    "lr": 0.001
}