{
    "train": {
        "loss": 1.1079480879810415,
        "mse_loss": 0.030223907195503198,
        "codebook_loss": 0.021505776061853277,
        "commitment_loss": 0.021505776061853277,
        "perplexity_loss": 0.022061427677922612,
        "psnr": 0.5576669453065607,
        "ssim": 0.3004524013664149,
        "lpips": 0.1872072572572322
    },
    "eval": {
        "loss": 1.0980672093927861,
        "mse_loss": 0.02959384523332119,
        "codebook_loss": 0.022190699681639673,
        "commitment_loss": 0.022190699681639673,
        "perplexity_loss": 0.020843056961894035,
        "psnr": 0.5559084053039551,
        "ssim": 0.29564660358428957,
        "lpips": 0.18396921646595002
    },
    "lr": 0.001
}