{
    "class cross entropy loss": 1.9266852140426636,
    "training_accuracy": 0.306,
    "eval_accuracy": 0.286125,
    "lr": 0.001
}