{
    "class cross entropy loss": 1.5573259592056274,
    "training_accuracy": 0.415,
    "eval_accuracy": 0.361625,
    "lr": 0.001
}