{
    "class cross entropy loss": 1.5950592756271362,
    "training_accuracy": 0.4354,
    "eval_accuracy": 0.383125,
    "lr": 0.001
}