{
    "class cross entropy loss": 2.10852313041687,
    "training_accuracy": 0.2544,
    "eval_accuracy": 0.25025,
    "lr": 0.001
}